{"cameraMode":{"drawMode":0,"name":"Shaded","section":"Shading Mode"},"sceneLighting":true,"audioPlay":false,"sceneViewState":{"m_AlwaysRefresh":false,"showFog":true,"showSkybox":true,"showFlares":true,"showImageEffects":true,"showParticleSystems":true,"showVisualEffectGraphs":true,"m_FxEnabled":true},"in2DMode":false,"pivot":{"x":331.2627868652344,"y":15.520406723022461,"z":152.2147216796875},"rotation":{"x":0.14306753873825074,"y":0.2120128870010376,"z":-0.031392332166433337,"w":0.9662287831306458},"size":23.29424285888672,"orthographic":true}